Product ID,Product Title,Product Status,Variant ID,Variant Title,SKU,Inventory Item ID,Inventory Tracked,Location ID,Location Name,Location Active,Available Quantity
7923320160319,TM-B Launch Edition,ARCHIVED,42435556409407,Road | Utility (LG) | Standard,116221-01014-1,44565100625983,No,,,,
7923320160319,TM-B Launch Edition,ARCHIVED,42433419837503,All-Terrain | Solo (SM) | Sport,111111-03012-1,44562535284799,No,,,,
7923320160319,TM-B Launch Edition,ARCHIVED,42433419870271,All-Terrain | Solo (SM) | Standard,115121-01012-1,44562535317567,No,,,,
7923320160319,TM-B Launch Edition,ARCHIVED,42433419903039,Road | Solo (SM) | Sport,116111-01012-1,44562535350335,No,,,,
7923320160319,TM-B Launch Edition,ARCHIVED,42433419935807,Road | Solo (SM) | Standard,116121-01012-1,44562535383103,No,,,,
7923320160319,TM-B Launch Edition,ARCHIVED,42433419968575,All-Terrain | Solo (LG) | Sport,115111-01014-1,44562535415871,No,,,,
7923320160319,TM-B Launch Edition,ARCHIVED,42433420001343,All-Terrain | Solo (LG) | Standard,115121-01014-1,44562535448639,No,,,,
7923320160319,TM-B Launch Edition,ARCHIVED,42433420034111,Road | Solo (LG) | Sport,116111-01014-1,44562535481407,No,,,,
7923320160319,TM-B Launch Edition,ARCHIVED,42433420066879,Road | Solo (LG) | Standard,116121-01014-1,44562535514175,No,,,,
7923320160319,TM-B Launch Edition,ARCHIVED,42433420099647,All-Terrain | Bench | Sport,115311-0101U-1,44562535546943,No,,,,
7923320160319,TM-B Launch Edition,ARCHIVED,42433420132415,All-Terrain | Bench | Standard,115321-0101U-1,44562535579711,No,,,,
7923320160319,TM-B Launch Edition,ARCHIVED,42433420165183,Road | Bench | Sport,116311-0101U-1,44562535612479,No,,,,
7923320160319,TM-B Launch Edition,ARCHIVED,42433420197951,Road | Bench | Standard,116321-0101U-1,44562535645247,No,,,,
7923320160319,TM-B Launch Edition,ARCHIVED,42435556311103,All-Terrain | Utility (LG) | Sport,115211-01014-1,44565100527679,No,,,,
7923320160319,TM-B Launch Edition,ARCHIVED,42435556343871,All-Terrain | Utility (LG) | Standard,115221-01014-1,44565100560447,No,,,,
7923320160319,TM-B Launch Edition,ARCHIVED,42435556376639,Road | Utility (LG) | Sport,116211-01014-1,44565100593215,No,,,,
7923320160319,TM-B Launch Edition,ARCHIVED,42435556442175,All-Terrain | Utility (SM) | Sport,115211-01012-1,44565100658751,No,,,,
7923320160319,TM-B Launch Edition,ARCHIVED,42435556474943,All-Terrain | Utility (SM) | Standard,115221-01012-1,44565100691519,Yes,70293422143,630 Hansen Way,Yes,14
7923320160319,TM-B Launch Edition,ARCHIVED,42435556474943,All-Terrain | Utility (SM) | Standard,115221-01012-1,44565100691519,Yes,74355081279,SEKO,Yes,98
7923320160319,TM-B Launch Edition,ARCHIVED,42435556507711,Road | Utility (SM) | Sport,116211-01012-1,44565100724287,No,,,,
7923320160319,TM-B Launch Edition,ARCHIVED,42435556540479,Road | Utility (SM) | Standard,116221-01012-1,44565100757055,No,,,,
7930166411327,Performance | Cockpit | Standard,ACTIVE,42454744137791,Default Title,13CN21-0201U-0,44586046226495,Yes,74355081279,SEKO,Yes,390
8068395106367,Road,UNLISTED,42822681362495,Default Title,13SBN1-0301U-1,44973292814399,Yes,70293422143,630 Hansen Way,Yes,0
8068395106367,Road,UNLISTED,42822681362495,Default Title,13SBN1-0301U-1,44973292814399,Yes,74355081279,SEKO,Yes,422
8068395171903,All-Terrain,UNLISTED,42822681428031,Default Title,13SAN1-0301U-1,44973292879935,Yes,70293422143,630 Hansen Way,Yes,0
8068395171903,All-Terrain,UNLISTED,42822681428031,Default Title,13SAN1-0301U-1,44973292879935,Yes,74355081279,SEKO,Yes,402
8068395237439,Performance All-Terrain,ACTIVE,42822681722943,Default Title,13SCN1-0201U-1,44973293174847,Yes,74355081279,SEKO,Yes,329
8068395270207,Performance Road,UNLISTED,42822681755711,Default Title,13SDN1-0201U-1,44973293207615,Yes,74355081279,SEKO,Yes,398
8068395302975,Launch Edition All-Terrain,ACTIVE,42822681788479,Default Title,13SEN1-0101U-1,44973293240383,Yes,74355081279,SEKO,Yes,369
8068395401279,Launch Edition Road,ACTIVE,42822682279999,Default Title,13SFN1-0101U-1,44973293731903,Yes,74355081279,SEKO,Yes,322
8068395597887,TM-B Launch Edition,DRAFT,42822683066431,All-Terrain | Solo (SM) | Sport,111111-03012-1,44973294518335,No,,,,
8068395597887,TM-B Launch Edition,DRAFT,42822683099199,All-Terrain | Solo (SM) | Standard,115121-01012-1,44973294551103,No,,,,
8068395597887,TM-B Launch Edition,DRAFT,42822683131967,Road | Solo (SM) | Sport,116111-01012-1,44973294583871,No,,,,
8068395597887,TM-B Launch Edition,DRAFT,42822683164735,Road | Solo (SM) | Standard,116121-01012-1,44973294616639,No,,,,
8068395597887,TM-B Launch Edition,DRAFT,42822683197503,All-Terrain | Solo (LG) | Sport,115111-01014-1,44973294649407,No,,,,
8068395597887,TM-B Launch Edition,DRAFT,42822683230271,All-Terrain | Solo (LG) | Standard,115121-01014-1,44973294682175,No,,,,
8068395597887,TM-B Launch Edition,DRAFT,42822683263039,Road | Solo (LG) | Sport,116111-01014-1,44973294714943,No,,,,
8068395597887,TM-B Launch Edition,DRAFT,42822683295807,Road | Solo (LG) | Standard,116121-01014-1,44973294747711,No,,,,
8068395597887,TM-B Launch Edition,DRAFT,42822683328575,All-Terrain | Bench | Sport,115311-0101U-1,44973294780479,No,,,,
8068395597887,TM-B Launch Edition,DRAFT,42822683361343,All-Terrain | Bench | Standard,115321-0101U-1,44973294813247,No,,,,
8068395597887,TM-B Launch Edition,DRAFT,42822683394111,Road | Bench | Sport,116311-0101U-1,44973294846015,No,,,,
8068395597887,TM-B Launch Edition,DRAFT,42822683426879,Road | Bench | Standard,116321-0101U-1,44973294878783,No,,,,
8068395597887,TM-B Launch Edition,DRAFT,42822683459647,All-Terrain | Utility (LG) | Sport,115211-01014-1,44973294911551,No,,,,
8068395597887,TM-B Launch Edition,DRAFT,42822683492415,All-Terrain | Utility (LG) | Standard,115221-01014-1,44973294944319,No,,,,
8068395597887,TM-B Launch Edition,DRAFT,42822683525183,Road | Utility (LG) | Sport,116211-01014-1,44973294977087,No,,,,
8068395597887,TM-B Launch Edition,DRAFT,42822683557951,Road | Utility (LG) | Standard,116221-01014-1,44973295009855,No,,,,
8068395597887,TM-B Launch Edition,DRAFT,42822683590719,All-Terrain | Utility (SM) | Sport,115211-01012-1,44973295042623,No,,,,
8068395597887,TM-B Launch Edition,DRAFT,42822683623487,All-Terrain | Utility (SM) | Standard,115221-01012-1,44973295075391,No,,,,
8068395597887,TM-B Launch Edition,DRAFT,42822683656255,Road | Utility (SM) | Sport,116211-01012-1,44973295108159,No,,,,
8068395597887,TM-B Launch Edition,DRAFT,42822683689023,Road | Utility (SM) | Standard,116221-01012-1,44973295140927,No,,,,
8068401496127,TM-B,ACTIVE,42822701678655,All-Terrain | Solo (SM) | Sport,111111-03012-1,44973313130559,Yes,74355081279,SEKO,Yes,-13
8068401496127,TM-B,ACTIVE,42822701711423,All-Terrain | Solo (LG) | Sport,111111-03014-1,44973313163327,Yes,74355081279,SEKO,Yes,0
8068401496127,TM-B,ACTIVE,42822701744191,All-Terrain | Solo (SM) | Standard,111121-03012-1,44973313196095,Yes,74355081279,SEKO,Yes,-1
8068401496127,TM-B,ACTIVE,42822701776959,All-Terrain | Solo (LG) | Standard,111121-03014-1,44973313228863,Yes,74355081279,SEKO,Yes,0
8068401496127,TM-B,ACTIVE,42822701809727,Road | Solo (SM) | Sport,112111-03012-1,44973313261631,Yes,74355081279,SEKO,Yes,-1
8068401496127,TM-B,ACTIVE,42822701842495,Road | Solo (LG) | Sport,112111-03014-1,44973313294399,Yes,74355081279,SEKO,Yes,-6
8068401496127,TM-B,ACTIVE,42822701875263,Road | Solo (SM) | Standard,112121-03012-1,44973313327167,Yes,74355081279,SEKO,Yes,-2
8068401496127,TM-B,ACTIVE,42822701908031,Road | Solo (LG) | Standard,112121-03014-1,44973313359935,Yes,74355081279,SEKO,Yes,-4
8068401496127,TM-B,ACTIVE,42822701940799,All-Terrain | Utility (SM) | Sport,111211-03012-1,44973313392703,Yes,74355081279,SEKO,Yes,-2
8068401496127,TM-B,ACTIVE,42822701973567,All-Terrain | Utility (LG) | Sport,111211-03014-1,44973313425471,Yes,74355081279,SEKO,Yes,-3
8068401496127,TM-B,ACTIVE,42822702006335,All-Terrain | Utility (SM) | Standard,111221-03012-1,44973313458239,Yes,74355081279,SEKO,Yes,-2
8068401496127,TM-B,ACTIVE,42822702039103,All-Terrain | Utility (LG) | Standard,111221-03014-1,44973313491007,Yes,74355081279,SEKO,Yes,0
8068401496127,TM-B,ACTIVE,42822702071871,Road | Utility (SM) | Sport,112211-03012-1,44973313523775,Yes,74355081279,SEKO,Yes,-3
8068401496127,TM-B,ACTIVE,42822702104639,Road | Utility (LG) | Sport,112211-03014-1,44973313556543,Yes,74355081279,SEKO,Yes,0
8068401496127,TM-B,ACTIVE,42822702137407,Road | Utility (SM) | Standard,112221-03012-1,44973313589311,Yes,74355081279,SEKO,Yes,0
8068401496127,TM-B,ACTIVE,42822702170175,Road | Utility (LG) | Standard,112221-03014-1,44973313622079,Yes,74355081279,SEKO,Yes,0
8068401496127,TM-B,ACTIVE,42822702202943,All-Terrain | Bench | Sport,111311-0301U-1,44973313654847,Yes,74355081279,SEKO,Yes,-1
8068401496127,TM-B,ACTIVE,42822702235711,All-Terrain | Bench | Standard,111321-0301U-1,44973313687615,Yes,74355081279,SEKO,Yes,-7
8068401496127,TM-B,ACTIVE,42822702268479,Road | Bench | Sport,112311-0301U-1,44973313720383,Yes,74355081279,SEKO,Yes,-1
8068401496127,TM-B,ACTIVE,42822702301247,Road | Bench | Standard,112321-0301U-1,44973313753151,Yes,74355081279,SEKO,Yes,-6
7931078606911,Module Skateboard SB Launch All-Terrain - Gen 1 Translucent Purple/Grey Universal - United States,DRAFT,42457920536639,Default Title,13SEN1-0101U-1,44589367263295,Yes,70293422143,630 Hansen Way,Yes,-94
7932767240255,TM-B Performance,UNLISTED,42822715408447,All-Terrain | Solo (LG) | Sport,113111-02014-1,44973326860351,Yes,70293422143,630 Hansen Way,Yes,10
7932767240255,TM-B Performance,UNLISTED,42822715441215,All-Terrain | Solo (SM) | Standard,113121-02012-1,44973326893119,Yes,70293422143,630 Hansen Way,Yes,1
7932767240255,TM-B Performance,UNLISTED,42822715473983,All-Terrain | Solo (LG) | Standard,113121-02014-1,44973326925887,Yes,70293422143,630 Hansen Way,Yes,-11
7932767240255,TM-B Performance,UNLISTED,42822715506751,Road | Solo (SM) | Sport,114111-02012-1,44973326958655,Yes,70293422143,630 Hansen Way,Yes,0
7932767240255,TM-B Performance,UNLISTED,42822715539519,Road | Solo (LG) | Sport,114111-02014-1,44973326991423,Yes,70293422143,630 Hansen Way,Yes,-3
7932767240255,TM-B Performance,UNLISTED,42822715572287,Road | Solo (SM) | Standard,114121-02012-1,44973327024191,Yes,70293422143,630 Hansen Way,Yes,9
7932767240255,TM-B Performance,UNLISTED,42822715605055,Road | Solo (LG) | Standard,114121-02014-1,44973327056959,Yes,70293422143,630 Hansen Way,Yes,1
7932767240255,TM-B Performance,UNLISTED,42822715637823,All-Terrain | Utility (SM) | Sport,113211-02012-1,44973327089727,Yes,70293422143,630 Hansen Way,Yes,0
7932767240255,TM-B Performance,UNLISTED,42822715637823,All-Terrain | Utility (SM) | Sport,113211-02012-1,44973327089727,Yes,74355081279,SEKO,Yes,-2
7932767240255,TM-B Performance,UNLISTED,42822715670591,All-Terrain | Utility (LG) | Sport,113211-02014-1,44973327122495,Yes,70293422143,630 Hansen Way,Yes,-1
7932767240255,TM-B Performance,UNLISTED,42822715703359,All-Terrain | Utility (SM) | Standard,113221-02012-1,44973327155263,Yes,70293422143,630 Hansen Way,Yes,-1
7932767240255,TM-B Performance,UNLISTED,42822715736127,All-Terrain | Utility (LG) | Standard,113221-02014-1,44973327188031,Yes,70293422143,630 Hansen Way,Yes,0
7932767240255,TM-B Performance,UNLISTED,42822715768895,Road | Utility (SM) | Sport,114211-02012-1,44973327220799,Yes,70293422143,630 Hansen Way,Yes,0
7932767240255,TM-B Performance,UNLISTED,42822715801663,Road | Utility (LG) | Sport,114211-02014-1,44973327253567,Yes,70293422143,630 Hansen Way,Yes,-1
7932767240255,TM-B Performance,UNLISTED,42822715834431,Road | Utility (SM) | Standard,114221-02012-1,44973327286335,Yes,70293422143,630 Hansen Way,Yes,0
7932767240255,TM-B Performance,UNLISTED,42822715867199,Road | Utility (LG) | Standard,114221-02014-1,44973327319103,Yes,70293422143,630 Hansen Way,Yes,-3
7932767240255,TM-B Performance,UNLISTED,42822715867199,Road | Utility (LG) | Standard,114221-02014-1,44973327319103,Yes,74355081279,SEKO,Yes,0
7932767240255,TM-B Performance,UNLISTED,42822715899967,All-Terrain | Bench | Sport,113311-0201U-1,44973327351871,Yes,70293422143,630 Hansen Way,Yes,-4
7932767240255,TM-B Performance,UNLISTED,42822715932735,All-Terrain | Bench | Standard,113321-0201U-1,44973327384639,Yes,70293422143,630 Hansen Way,Yes,0
7932767240255,TM-B Performance,UNLISTED,42822715965503,Road | Bench | Sport,113111-02012-1,44973327417407,Yes,70293422143,630 Hansen Way,Yes,0
7932767240255,TM-B Performance,UNLISTED,42822715998271,Road | Bench | Standard,113111-02012-1,44973327450175,Yes,70293422143,630 Hansen Way,Yes,-2
7932767240255,TM-B Performance,UNLISTED,42822716031039,All-Terrain | Solo (SM) | Sport | Fenders,113111-02012-1,44973327482943,Yes,70293422143,630 Hansen Way,Yes,0
7930163593279,Cockpit | Standard,ACTIVE,42454740697151,Default Title,13CN21-0301U-0,44586042818623,Yes,74355081279,SEKO,Yes,421
7930163724351,Launch Edition | Performance Battery,DRAFT,42454740860991,Default Title,13BXN1-0101U-1,44586043015231,Yes,70293422143,630 Hansen Way,Yes,0
7930163953727,Performance Battery,ACTIVE,42454741155903,Default Title,13BZN1-0201U-1,44586043244607,Yes,74355081279,SEKO,Yes,-1
7930164150335,Standard Battery,ACTIVE,42454741385279,Default Title,13BYN1-0301U-1,44586043473983,Yes,74355081279,SEKO,Yes,0
7930164838463,TM-B Road,ACTIVE,42454742237247,Default Title,13SBN1-0301U-1,44586044325951,Yes,74355081279,SEKO,Yes,-6
7930164969535,TM-B All-Terrain,ACTIVE,42454742368319,Default Title,13SAN1-0301U-1,44586044457023,Yes,74355081279,SEKO,Yes,-16
7930165100607,TM-B Performance All-Terrain,ACTIVE,42454742532159,Default Title,13SCN1-0201U-1,44586044620863,Yes,74355081279,SEKO,Yes,-6
7930165231679,TM-B Performance Road,ACTIVE,42454742695999,Default Title,13SDN1-0201U-1,44586044784703,Yes,74355081279,SEKO,Yes,-6
7930165362751,Top Frame | Solo (S),DRAFT,42917885935679,Default Title,13T1N1-NA012-0_test,45081529811007,Yes,74355081279,SEKO,Yes,-24
7930165493823,Top Frame | Solo (L),DRAFT,42454743023679,Default Title,13T1N1-NA014-0,44586045112383,Yes,74355081279,SEKO,Yes,-44
7930165592127,Launch Edition | Cockpit | Sport,ACTIVE,42454743154751,Default Title,13CN11-0101U-0,44586045243455,Yes,74355081279,SEKO,Yes,373
7930165657663,Top Frame | Utility (S),DRAFT,42454743187519,Default Title,13T2N1-NA012-0,44586045308991,Yes,74355081279,SEKO,Yes,-33
7930165755967,Launch Edition | Cockpit | Standard,ACTIVE,42454743351359,Default Title,13CN21-0101U-0,44586045440063,Yes,74355081279,SEKO,Yes,320
7930165821503,Top Frame | Utility (L),DRAFT,42454743416895,Default Title,13T2N1-NA014-0,44586045505599,Yes,74355081279,SEKO,Yes,-36
7930165887039,TM-B Launch Edition Road,ACTIVE,42454743547967,Default Title,13SFN1-0101U-1,44586045636671,Yes,74355081279,SEKO,Yes,-53
7930165985343,Top Frame | Bench,DRAFT,42454743580735,Default Title,13T3N1-NA01U-0,44586045669439,Yes,74355081279,SEKO,Yes,340
7930166050879,Performance | Cockpit | Sport,ACTIVE,42454743711807,Default Title,13CN11-0201U-0,44586045734975,Yes,74355081279,SEKO,Yes,398
7930166247487,Cockpit | Sport,UNLISTED,42458356678719,Default Title,13CN11-0301U-0,44589803175999,Yes,70293422143,630 Hansen Way,Yes,-2
7930166247487,Cockpit | Sport,UNLISTED,42458356678719,Default Title,13CN11-0301U-0,44589803175999,Yes,74355081279,SEKO,Yes,310
8090264961087,beeline-test-item-sandbox,ACTIVE,42920557346879,Default Title,Feb-22,45084405497919,Yes,74355081279,SEKO,Yes,-1
8151941939263,TM-B Performance (Color Top Frames),DRAFT,43195589918783,All-Terrain | Solo (LG) | Sport,113111-02014-1,45360680468543,Yes,70293422143,630 Hansen Way,Yes,10
8151941939263,TM-B Performance (Color Top Frames),DRAFT,43195589951551,All-Terrain | Solo (SM) | Standard,113121-02012-1,45360680501311,Yes,70293422143,630 Hansen Way,Yes,1
8151941939263,TM-B Performance (Color Top Frames),DRAFT,43195589984319,All-Terrain | Solo (LG) | Standard,113121-02014-1,45360680534079,Yes,70293422143,630 Hansen Way,Yes,-2
8151941939263,TM-B Performance (Color Top Frames),DRAFT,43195590017087,Road | Solo (SM) | Sport,114111-02012-1,45360680566847,Yes,70293422143,630 Hansen Way,Yes,0
8151941939263,TM-B Performance (Color Top Frames),DRAFT,43195590049855,Road | Solo (LG) | Sport,114111-02014-1,45360680599615,Yes,70293422143,630 Hansen Way,Yes,-3
8151941939263,TM-B Performance (Color Top Frames),DRAFT,43195590082623,Road | Solo (SM) | Standard,114121-02012-1,45360680632383,Yes,70293422143,630 Hansen Way,Yes,10
8151941939263,TM-B Performance (Color Top Frames),DRAFT,43195590115391,Road | Solo (LG) | Standard,114121-02014-1,45360680665151,Yes,70293422143,630 Hansen Way,Yes,0
8151941939263,TM-B Performance (Color Top Frames),DRAFT,43195590148159,All-Terrain | Utility (SM) | Sport,113211-02012-1,45360680697919,Yes,70293422143,630 Hansen Way,Yes,0
8151941939263,TM-B Performance (Color Top Frames),DRAFT,43195590180927,All-Terrain | Utility (LG) | Sport,113211-02014-1,45360680730687,Yes,70293422143,630 Hansen Way,Yes,-1
8151941939263,TM-B Performance (Color Top Frames),DRAFT,43195590213695,All-Terrain | Utility (SM) | Standard,113221-02012-1,45360680763455,Yes,70293422143,630 Hansen Way,Yes,-1
8151941939263,TM-B Performance (Color Top Frames),DRAFT,43195590246463,All-Terrain | Utility (LG) | Standard,113221-02014-1,45360680796223,Yes,70293422143,630 Hansen Way,Yes,0
8151941939263,TM-B Performance (Color Top Frames),DRAFT,43195590279231,Road | Utility (SM) | Sport,114211-02012-1,45360680828991,Yes,70293422143,630 Hansen Way,Yes,0
8151941939263,TM-B Performance (Color Top Frames),DRAFT,43195590311999,Road | Utility (LG) | Sport,114211-02014-1,45360680861759,Yes,70293422143,630 Hansen Way,Yes,0
8151941939263,TM-B Performance (Color Top Frames),DRAFT,43195590344767,Road | Utility (SM) | Standard,114221-02012-1,45360680894527,Yes,70293422143,630 Hansen Way,Yes,0
8151941939263,TM-B Performance (Color Top Frames),DRAFT,43195590377535,Road | Utility (LG) | Standard,114221-02014-1,45360680927295,Yes,70293422143,630 Hansen Way,Yes,-3
8151941939263,TM-B Performance (Color Top Frames),DRAFT,43195590377535,Road | Utility (LG) | Standard,114221-02014-1,45360680927295,Yes,74355081279,SEKO,Yes,0
8151941939263,TM-B Performance (Color Top Frames),DRAFT,43195590410303,All-Terrain | Bench | Sport,113311-0201U-1,45360680960063,Yes,70293422143,630 Hansen Way,Yes,-3
8151941939263,TM-B Performance (Color Top Frames),DRAFT,43195590443071,All-Terrain | Bench | Standard,113321-0201U-1,45360680992831,Yes,70293422143,630 Hansen Way,Yes,0
8151941939263,TM-B Performance (Color Top Frames),DRAFT,43195590475839,Road | Bench | Sport,113111-02012-1,45360681025599,Yes,70293422143,630 Hansen Way,Yes,0
8151941939263,TM-B Performance (Color Top Frames),DRAFT,43195590508607,Road | Bench | Standard,113111-02012-1,45360681058367,Yes,70293422143,630 Hansen Way,Yes,-1
8151941939263,TM-B Performance (Color Top Frames),DRAFT,43195590541375,All-Terrain | Solo (SM) | Sport | Fenders,113111-02012-1,45360681091135,Yes,70293422143,630 Hansen Way,Yes,0
8158131028031,Top Frame | Solo (TEST),DRAFT,43225052971071,Small / Aurora,13T1N1-NA012-0-1,45378946596927,Yes,74355081279,SEKO,Yes,1
8158131028031,Top Frame | Solo (TEST),DRAFT,43225053003839,Small / Ozone,13T1N1-NA012-0-2,45378946629695,Yes,74355081279,SEKO,Yes,0
8158131028031,Top Frame | Solo (TEST),DRAFT,43225053036607,Small / Amethyst,13T1N1-NA012-0-3,45378946662463,Yes,74355081279,SEKO,Yes,0
8158131028031,Top Frame | Solo (TEST),DRAFT,43225053069375,Small / Phoenix,13T1N1-NA012-0-4,45378946695231,Yes,74355081279,SEKO,Yes,0
8158131028031,Top Frame | Solo (TEST),DRAFT,43225053102143,Large / Aurora,13T1N1-NA012-0-5,45378946727999,Yes,74355081279,SEKO,Yes,0
8158131028031,Top Frame | Solo (TEST),DRAFT,43225053134911,Large / Ozone,13T1N1-NA012-0-6,45378946760767,Yes,74355081279,SEKO,Yes,0
8158131028031,Top Frame | Solo (TEST),DRAFT,43225053167679,Large / Amethyst,13T1N1-NA012-0-7,45378946793535,Yes,74355081279,SEKO,Yes,0
8158131028031,Top Frame | Solo (TEST),DRAFT,43225053200447,Large / Phoenix,13T1N1-NA012-0-8,45378946826303,Yes,74355081279,SEKO,Yes,0
8158187978815,Top Frame | Utility (TEST),DRAFT,43225690472511,Small / Gray Matter,13T2N1-NA012-0-1,45379253108799,Yes,74355081279,SEKO,Yes,0
8158187978815,Top Frame | Utility (TEST),DRAFT,43225690505279,Small / Aurora,13T2N1-NA012-0-2,45379253141567,Yes,74355081279,SEKO,Yes,0
8158187978815,Top Frame | Utility (TEST),DRAFT,43225690538047,Large / Gray Matter,13T2N1-NA012-0-3,45379253174335,Yes,74355081279,SEKO,Yes,0
8158187978815,Top Frame | Utility (TEST),DRAFT,43225690570815,Large / Aurora,13T2N1-NA012-0-4,45379253207103,Yes,74355081279,SEKO,Yes,0
8158554554431,Top Frame Solo,ACTIVE,43234204057663,Small / Gray Matter,13T1N1-NA012-0,45385351168063,Yes,74355081279,SEKO,Yes,394
8158554554431,Top Frame Solo,ACTIVE,43234204090431,Large / Gray Matter,13T1N1-NA014-0,45385351200831,Yes,74355081279,SEKO,Yes,392
8158554554431,Top Frame Solo,ACTIVE,43234204123199,Small / Phoenix,13T1N1-NA022-0,45385351233599,Yes,74355081279,SEKO,Yes,2
8158554554431,Top Frame Solo,ACTIVE,43234204155967,Large / Phoenix,13T1N1-NA024-0,45385351266367,Yes,74355081279,SEKO,Yes,0
8158554554431,Top Frame Solo,ACTIVE,43234204188735,Small / Amethyst,13T1N1-NA032-0,45385351299135,Yes,74355081279,SEKO,Yes,0
8158554554431,Top Frame Solo,ACTIVE,43234204221503,Large / Amethyst,13T1N1-NA034-0,45385351331903,Yes,74355081279,SEKO,Yes,0
8158554554431,Top Frame Solo,ACTIVE,43234204254271,Small / Ozone,13T1N1-NA042-0,45385351364671,Yes,74355081279,SEKO,Yes,0
8158554554431,Top Frame Solo,ACTIVE,43234204287039,Large / Ozone,13T1N1-NA044-0,45385351397439,Yes,74355081279,SEKO,Yes,0
8158554554431,Top Frame Solo,ACTIVE,43234204319807,Small / Aurora,13T1N1-NA052-0,45385351430207,Yes,74355081279,SEKO,Yes,0
8158554554431,Top Frame Solo,ACTIVE,43234204352575,Large / Aurora,13T1N1-NA054-0,45385351462975,Yes,74355081279,SEKO,Yes,0
8158672977983,Top Frame Bench,ACTIVE,43229017833535,Universal / Gray Matter,13T3N1-NA01U-0,45381332533311,Yes,74355081279,SEKO,Yes,381
8158672977983,Top Frame Bench,ACTIVE,43229017866303,Universal / Phoenix,13T3N1-NA02U-0,45381332566079,Yes,74355081279,SEKO,Yes,0
8158672977983,Top Frame Bench,ACTIVE,43229017899071,Universal / Amethyst,13T3N1-NA03U-0,45381332598847,Yes,74355081279,SEKO,Yes,0
8158672977983,Top Frame Bench,ACTIVE,43229017931839,Universal / Ozone,13T3N1-NA04U-0,45381332631615,Yes,74355081279,SEKO,Yes,0
8158672977983,Top Frame Bench,ACTIVE,43229017964607,Universal / Aurora,13T3N1-NA05U-0,45381332664383,Yes,74355081279,SEKO,Yes,22
8158676779071,Top Frame Utility,ACTIVE,43234204385343,Small / Gray Matter,13T2N1-NA012-0,45385351495743,Yes,74355081279,SEKO,Yes,384
8158676779071,Top Frame Utility,ACTIVE,43234204418111,Large / Gray Matter,13T2N1-NA014-0,45385351528511,Yes,74355081279,SEKO,Yes,337
8158676779071,Top Frame Utility,ACTIVE,43234204450879,Small / Phoenix,13T2N1-NA022-0,45385351561279,Yes,74355081279,SEKO,Yes,0
8158676779071,Top Frame Utility,ACTIVE,43234204483647,Large / Phoenix,13T2N1-NA024-0,45385351594047,Yes,74355081279,SEKO,Yes,0
8158676779071,Top Frame Utility,ACTIVE,43234204516415,Small / Amethyst,13T2N1-NA032-0,45385351626815,Yes,74355081279,SEKO,Yes,0
8158676779071,Top Frame Utility,ACTIVE,43234204549183,Large / Amethyst,13T2N1-NA034-0,45385351659583,Yes,74355081279,SEKO,Yes,0
8158676779071,Top Frame Utility,ACTIVE,43234204581951,Small / Ozone,13T2N1-NA042-0,45385351692351,Yes,74355081279,SEKO,Yes,0
8158676779071,Top Frame Utility,ACTIVE,43234204614719,Large / Ozone,13T2N1-NA044-0,45385351725119,Yes,74355081279,SEKO,Yes,0
8158676779071,Top Frame Utility,ACTIVE,43234204647487,Small / Aurora,13T2N1-NA052-0,45385351757887,Yes,74355081279,SEKO,Yes,0
8158676779071,Top Frame Utility,ACTIVE,43234204680255,Large / Aurora,13T2N1-NA054-0,45385351790655,Yes,74355081279,SEKO,Yes,0